1,Corse,2024-04-04,TEST,"fnjenfiref ezfzieojfiezf zenkfnez"
2,Corse,2024-03-04,ZEAEZAEZAEZAEA,OUIIIIIIIIIIIIIIIIIIIIIIIIII
3,Auvergne-Rhône-Alpes,2024-05-04,"Marche ou Crève","Courage à toi on est ensemble"
4,"Centre-Val de Loire",2024-04-02,"TEST ID","test de l&#039;id vite fais"
5,Auvergne-Rhône-Alpes,2024-05-03,,
6,Auvergne-Rhône-Alpes,2024-05-03,"TEST VERIF BACK","COMMENTAIRE OUAI"
7,"Grand Est",2032-04-04,"TEST ERRORS BACK FUNCTION",terezrzrezrezrez
8,Corse,2024-04-04,TESTTESTTEST,"&lt;script src=&quot;./script.js&quot;&gt;&lt;/script&gt;"
9,Auvergne-Rh&ocirc;ne-Alpes,2024-05-04,zaezaezaeza,"&lt;script src=&quot;./script.js&quot;&gt;&lt;/script&gt;"
10,Bretagne,2024-02-02,TEST,TESTTESTTEST
11,Bretagne,2024-04-02,TEST,"oezae ze,zaezokaneaz ezkae kae "
12,Auvergne-Rh&ocirc;ne-Alpes,2024-04-05,Test,
13,Auvergne-Rh&ocirc;ne-Alpes,2024-02-04,"TEST ICI",
